Time [s],Channel 1
0.000000000,0
0.052903620,1
0.152902660,0
1.052894180,1
1.152893220,0
2.052884730,1
2.152883780,0
3.052875290,1
3.152874340,0
4.052865850,1
4.152864890,0
5.052856400,1
5.152855440,0
6.052846940,1
6.152845980,0
7.052837480,1
7.152836520,0
8.052828010,1
8.152827070,0
9.052818530,1
9.152817590,0
10.052809050,1
10.152808110,0
11.052799560,1
11.152798630,0
12.052790080,1
12.152789140,0
13.052780580,1
13.152779640,0
14.052771080,1
14.152770140,0
15.052761580,1
15.152760630,0
16.052752070,1
16.152751120,0
17.052742550,1
17.152741610,0
18.052733050,1
18.152732090,0
19.052723520,1
19.152722570,0
20.052714000,1
20.152713040,0
21.052704470,1
21.152703510,0
22.052694930,1
22.152693990,0
23.052685390,1
23.152684450,0
24.052675850,1
24.152674910,0
25.052666300,1
25.152665360,0
26.052656750,1
26.152655810,0
27.052647210,1
27.152646250,0
28.052637660,1
28.152636710,0
29.052628100,1
29.152627150,0
30.052618550,1
30.152617590,0
31.052608990,1
31.152608030,0
32.052599430,1
32.152598480,0
33.052589860,1
33.152588920,0
34.052580310,1
34.152579350,0
35.052570750,1
35.152569800,0
36.052561170,1
36.152560230,0
37.052551620,1
37.152550660,0
38.052542050,1
38.152541100,0
39.052532480,1
39.152531530,0
40.052522920,1
40.152521960,0
41.052513360,1
41.152512410,0
42.052503790,1
42.152502840,0
43.052494230,1
43.152493270,0
44.052484670,1
44.152483720,0
45.052475100,1
45.152474150,0
46.052465550,1
46.152464590,0
47.052455990,1
47.152455040,0
48.052446430,1
48.152445480,0
49.052436880,1
49.152435920,0
50.052427330,1
50.152426380,0
51.052417770,1
51.152416820,0
52.052408220,1
52.152407260,0
53.052398670,1
53.152397710,0
54.052389110,1
54.152388160,0
55.052379550,1
55.152378600,0
56.052370000,1
56.152369050,0
57.052360440,1
57.152359500,0
58.052350880,1
58.152349940,0
59.052341340,1
59.152340380,0
60.052331780,1
60.152330820,0
61.052322220,1
61.152321280,0
62.052312660,1
62.152311720,0
63.052303110,1
63.152302160,0
64.052293550,1
64.152292610,0
65.052283990,1
65.152283050,0
66.052274430,1
66.152273490,0
67.052264890,1
67.152263930,0
68.052255330,1
68.152254370,0
69.052245760,1
69.152244820,0
70.052236200,1
70.152235250,0
71.052226640,1
71.152225690,0
72.052217090,1
72.152216130,0
73.052207530,1
73.152206560,0
74.052197960,1
74.152197010,0
75.052188400,1
75.152187450,0
76.052178830,1
76.152177880,0
77.052169280,1
77.152168320,0
78.052159720,1
78.152158760,0
79.052150150,1
79.152149190,0
80.052140590,1
80.152139640,0
81.052131020,1
81.152130070,0
82.052121460,1
82.152120510,0
83.052111890,1
83.152110940,0
84.052102340,1
84.152101380,0
85.052092780,1
85.152091810,0
86.052083210,1
86.152082250,0
87.052073640,1
87.152072700,0
88.052064080,1
88.152063130,0
89.052054510,1
89.152053570,0
90.052044950,1
90.152044000,0
91.052035390,1
91.152034440,0
92.052025840,1
92.152024880,0
93.052016280,1
93.152015310,0
94.052006710,1
94.152005750,0
95.051997150,1
95.151996200,0
96.051987580,1
96.151986640,0
97.051978020,1
97.151977070,0
98.051968450,1
98.151967500,0
99.051958880,1
99.151957930,0
100.051949330,1
100.151948360,0
101.051939760,1
101.151938790,0
102.051930180,1
102.151929220,0
103.051920610,1
103.151919660,0
104.051911030,1
104.151910080,0
105.051901450,1
105.151900500,0
106.051891870,1
106.151890920,0
107.051882280,1
107.151881330,0
108.051872710,1
108.151871750,0
109.051863130,1
109.151862160,0
110.051853540,1
110.151852590,0
111.051843950,1
111.151843000,0
112.051834360,1
112.151833410,0
113.051824760,1
113.151823810,0
114.051815180,1
114.151814220,0
115.051805580,1
115.151804620,0
116.051795980,1
116.151795030,0
117.051786370,1
117.151785420,0
118.051776770,1
118.151775820,0
119.051767160,1
119.151766210,0
120.051757560,1
120.151756590,0
121.051747940,1
121.151746980,0
122.051738320,1
122.151737360,0
123.051728710,1
123.151727750,0
124.051719080,1
124.151718130,0
125.051709460,1
125.151708510,0
126.051699830,1
126.151698880,0
127.051690220,1
127.151689250,0
128.051680590,1
128.151679620,0
129.051670950,1
129.151670000,0
130.051661320,1
130.151660360,0
131.051651670,1
131.151650730,0
132.051642040,1
132.151641090,0
133.051632410,1
133.151631440,0
134.051622760,1
134.151621800,0
135.051613120,1
135.151612150,0
136.051603470,1
136.151602500,0
137.051593820,1
137.151592870,0
138.051584160,1
138.151583210,0
139.051574500,1
139.151573550,0
140.051564860,1
140.151563890,0
141.051555200,1
141.151554240,0
142.051545530,1
142.151544570,0
143.051535880,1
143.151534900,0
144.051526200,1
144.151525240,0
145.051516530,1
145.151515570,0
146.051506870,1
146.151505890,0
147.051497190,1
147.151496230,0
148.051487520,1
148.151486550,0
149.051477840,1
149.151476880,0
150.051468150,1
150.151467190,0
151.051458470,1
151.151457510,0
152.051448780,1
152.151447820,0
153.051439110,1
153.151438150,0
154.051429410,1
154.151428450,0
155.051419730,1
155.151418770,0
156.051410030,1
156.151409070,0
157.051400350,1
157.151399390,0
158.051390650,1
158.151389690,0
159.051380960,1
159.151380000,0
160.051371260,1
160.151370300,0
161.051361570,1
161.151360610,0
162.051351880,1
162.151350910,0
163.051342180,1
163.151341220,0
164.051332490,1
164.151331520,0
165.051322790,1
165.151321840,0
166.051313110,1
166.151312140,0
167.051303410,1
167.151302460,0
168.051293730,1
168.151292760,0
169.051284040,1
169.151283090,0
170.051274370,1
170.151273400,0
171.051264680,1
171.151263730,0
172.051255010,1
172.151254040,0
173.051245330,1
173.151244370,0
174.051235660,1
174.151234690,0
175.051225980,1
175.151225030,0
176.051216320,1
176.151215350,0
177.051206640,1
177.151205680,0
178.051196980,1
178.151196010,0
179.051187300,1
179.151186350,0
180.051177650,1
180.151176680,0
181.051167970,1
181.151167020,0
182.051158320,1
182.151157360,0
183.051148660,1
183.151147680,0
184.051138980,1
184.151138030,0
185.051129330,1
185.151128360,0
186.051119660,1
186.151118700,0
187.051110000,1
187.151109040,0
188.051100350,1
188.151099380,0
189.051090690,1
189.151089730,0
190.051081040,1
190.151080070,0
191.051071380,1
191.151070420,0
192.051061730,1
192.151060760,0
193.051052080,1
193.151051120,0
194.051042430,1
194.151041480,0
195.051032780,1
195.151031820,0
196.051023130,1
196.151022180,0
197.051013490,1
197.151012520,0
198.051003840,1
198.151002880,0
199.050994190,1
199.150993220,0
200.050984530,1
200.150983580,0
201.050974890,1
201.150973940,0
202.050965250,1
202.150964280,0
203.050955590,1
203.150954630,0
204.050945940,1
204.150944990,0
205.050936300,1
205.150935330,0
206.050926640,1
206.150925680,0
207.050916990,1
207.150916040,0
208.050907350,1
208.150906370,0
209.050897680,1
209.150896720,0
210.050888040,1
210.150887080,0
211.050878390,1
211.150877410,0
212.050868720,1
212.150867760,0
213.050859070,1
213.150858110,0
214.050849420,1
214.150848440,0
215.050839750,1
215.150838790,0
216.050830090,1
216.150829130,0
217.050820430,1
217.150819460,0
218.050810760,1
218.150809800,0
219.050801100,1
219.150800140,0
220.050791440,1
220.150790480,0
221.050781780,1
221.150780800,0
222.050772100,1
222.150771140,0
223.050762430,1
223.150761470,0
224.050752770,1
224.150751800,0
225.050743100,1
225.150742120,0
226.050733430,1
226.150732450,0
227.050723740,1
227.150722780,0
228.050714070,1
228.150713110,0
229.050704390,1
229.150703430,0
230.050694720,1
230.150693740,0
231.050685040,1
231.150684060,0
232.050675340,1
232.150674380,0
233.050665660,1
233.150664700,0
234.050655980,1
234.150655020,0
235.050646300,1
235.150645320,0
236.050636610,1
236.150635640,0
237.050626910,1
237.150625950,0
238.050617220,1
238.150616260,0
239.050607530,1
239.150606570,0
240.050597840,1
240.150596860,0
241.050588140,1
241.150587170,0
242.050578430,1
242.150577470,0
243.050568720,1
243.150567770,0
244.050559030,1
244.150558070,0
245.050549320,1
245.150548350,0
246.050539620,1
246.150538640,0
247.050529890,1
247.150528930,0
248.050520190,1
248.150519220,0
249.050510470,1
249.150509510,0
250.050500750,1
250.150499790,0
251.050491040,1
251.150490070,0
252.050481320,1
252.150480340,0
253.050471600,1
253.150470620,0
254.050461860,1
254.150460890,0
255.050452130,1
255.150451160,0
256.050442400,1
256.150441440,0
257.050432670,1
257.150431710,0
258.050422940,1
258.150421960,0
259.050413200,1
259.150412220,0
260.050403450,1
260.150402480,0
261.050393710,1
261.150392740,0
262.050383970,1
262.150383000,0
263.050374220,1
263.150373260,0
264.050364470,1
264.150363490,0
265.050354730,1
265.150353750,0
266.050344980,1
266.150344000,0
267.050335230,1
267.150334250,0
268.050325460,1
268.150324490,0
269.050315700,1
269.150314740,0
270.050305950,1
270.150304980,0
271.050296180,1
271.150295220,0
272.050286420,1
272.150285460,0
273.050276660,1
273.150275690,0
