Time [s],Channel 0,Channel 1
0.000000000,0,0
0.364961640,0,1
0.364966920,1,1
0.365136460,0,1
0.464960570,0,0
1.364950910,0,1
1.365070060,1,1
1.365120170,0,1
1.464949850,0,0
2.364940190,0,1
2.365009630,1,1
2.365060240,0,1
2.464939130,0,0
3.364929470,0,1
3.365050480,1,1
3.365100820,0,1
3.464928400,0,0
4.364918760,0,1
4.364925830,1,1
4.364976090,0,1
4.464917680,0,0
5.364908020,0,1
5.365035690,1,1
5.365086040,0,1
5.464906960,0,0
6.364897290,0,1
6.364902250,1,1
6.364952880,0,1
6.464896230,0,0
7.364886560,0,1
7.364891890,1,1
7.364941700,0,1
7.464885490,0,0
8.364875820,0,1
8.364881180,1,1
8.365009440,0,1
8.464874750,0,0
9.364865080,0,1
9.364870110,1,1
9.364980050,0,1
9.464864020,0,0
10.364854340,0,1
10.364976520,1,1
10.365026680,0,1
10.464853260,0,0
11.364843600,0,1
11.364848860,1,1
11.364898990,0,1
11.464842520,0,0
12.364832840,0,1
12.364927010,1,1
12.364977150,0,1
12.464831770,0,0
13.364822090,0,1
13.364827560,1,1
13.364878120,0,1
13.464821020,0,0
14.364811330,0,1
14.364816440,1,1
14.364866470,0,1
14.464810250,0,0
15.364800580,0,1
15.364846720,1,1
15.364896800,0,1
15.464799500,0,0
16.364789800,0,1
16.364914150,1,1
16.364964760,0,1
16.464788740,0,0
17.364779040,0,1
17.364830830,1,1
17.364881310,0,1
17.464777980,0,0
18.364768280,0,1
18.364889130,1,1
18.364939220,0,1
18.464767200,0,0
19.364757490,0,1
19.364879140,1,1
19.364929700,0,1
19.464756430,0,0
20.364746730,0,1
20.364752330,1,1
20.364802670,0,1
20.464745660,0,0
21.364735960,0,1
21.364741080,1,1
21.364790990,0,1
21.464734880,0,0
22.364725180,0,1
22.364731000,1,1
22.364850740,0,1
22.464724100,0,0
23.364714390,0,1
23.364736770,1,1
23.364787700,0,1
23.464713330,0,0
24.364703620,0,1
24.364709100,1,1
24.364759700,0,1
24.464702550,0,0
25.364692840,0,1
25.364698080,1,1
25.364749100,0,1
25.464691760,0,0
26.364682060,0,1
26.364687620,1,1
26.364825480,0,1
26.464680980,0,0
27.364671260,0,1
27.364785590,1,1
27.364836500,0,1
27.464670190,0,0
28.364660470,0,1
28.364666070,1,1
28.364716720,0,1
28.464659410,0,0
29.364649690,0,1
29.364724320,1,1
29.364774540,0,1
29.464648610,0,0
30.364638900,0,1
30.364644850,1,1
30.364776170,0,1
30.464637820,0,0
31.364628100,0,1
31.364730360,1,1
31.364780470,0,1
31.464627030,0,0
32.364617310,0,1
32.364698650,1,1
32.364749250,0,1
32.464616240,0,0
33.364606510,0,1
33.364640760,1,1
33.364690460,0,1
33.464605430,0,0
34.364595700,0,1
34.364600940,1,1
34.364762530,0,1
34.464594640,0,0
35.364584910,0,1
35.364590190,1,1
35.364717500,0,1
35.464583840,0,0
36.364574110,0,1
36.364579310,1,1
36.364694280,0,1
36.464573040,0,0
37.364563310,0,1
37.364568380,1,1
37.364618300,0,1
37.464562230,0,0
38.364552490,0,1
38.364606500,1,1
38.364656610,0,1
38.464551430,0,0
39.364541690,0,1
39.364599720,1,1
39.364649980,0,1
39.464540630,0,0
40.364530890,0,1
40.364537210,1,1
40.364587090,0,1
40.464529820,0,0
41.364520090,0,1
41.364525210,1,1
41.364683310,0,1
41.464519000,0,0
42.364509270,0,1
42.364591430,1,1
42.364641490,0,1
42.464508200,0,0
43.364498470,0,1
43.364539100,1,1
43.364592140,0,1
43.464497400,0,0
44.364487660,0,1
44.364493610,1,1
44.364544320,0,1
44.464486580,0,0
45.364476850,0,1
45.364482060,1,1
45.364615840,0,1
45.464475770,0,0
46.364466030,0,1
46.364528980,1,1
46.364579460,0,1
46.464464970,0,0
47.364455230,0,1
47.364564790,1,1
47.364614760,0,1
47.464454160,0,0
48.364444420,0,1
48.364547180,1,1
48.364597970,0,1
48.464443340,0,0
49.364433600,0,1
49.364470610,1,1
49.364521280,0,1
49.464432530,0,0
50.364422790,0,1
50.364427790,1,1
50.364560920,0,1
50.464421720,0,0
51.364411980,0,1
51.364419260,1,1
51.364469560,0,1
51.464410900,0,0
52.364401170,0,1
52.364407290,1,1
52.364457690,0,1
52.464400090,0,0
53.364390350,0,1
53.364443700,1,1
53.364494230,0,1
53.464389280,0,0
54.364379540,0,1
54.364384810,1,1
54.364532800,0,1
54.464378470,0,0
55.364368730,0,1
55.364373910,1,1
55.364424700,0,1
55.464367650,0,0
56.364357910,0,1
56.364363450,1,1
56.364413620,0,1
56.464356840,0,0
57.364347100,0,1
57.364352660,1,1
57.364511150,0,1
57.464346030,0,0
58.364336290,0,1
58.364341950,1,1
58.364392140,0,1
58.464335200,0,0
59.364325460,0,1
59.364330680,1,1
59.364381560,0,1
59.464324390,0,0
60.364314650,0,1
60.364319770,1,1
60.364370280,0,1
60.464313580,0,0
61.364303840,0,1
61.364312620,1,1
61.364362790,0,1
61.464302750,0,0
62.364293010,0,1
62.364339500,1,1
62.364389800,0,1
62.464291940,0,0
63.364282200,0,1
63.364362900,1,1
63.364413030,0,1
63.464281130,0,0
64.364271390,0,1
64.364276960,1,1
64.364327190,0,1
64.464270300,0,0
65.364260560,0,1
65.364308030,1,1
65.364358770,0,1
65.464259490,0,0
66.364249750,0,1
66.364255390,1,1
66.364305760,0,1
66.464248680,0,0
67.364238940,0,1
67.364260610,1,1
67.364310930,0,1
67.464237850,0,0
68.364228130,0,1
68.364233770,1,1
68.364284320,0,1
68.464227040,0,0
69.364217300,0,1
69.364314090,1,1
69.364364720,0,1
69.464216230,0,0
70.364206490,0,1
70.364211750,1,1
70.364345580,0,1
70.464205410,0,0
71.364195670,0,1
71.364200750,1,1
71.364250910,0,1
71.464194600,0,0
72.364184870,0,1
72.364190410,1,1
72.364343840,0,1
72.464183800,0,0
73.364174060,0,1
73.364251800,1,1
73.364302370,0,1
73.464172980,0,0
74.364163240,0,1
74.364278280,1,1
74.364328800,0,1
74.464162180,0,0
75.364152440,0,1
75.364252350,1,1
75.364302680,0,1
75.464151360,0,0
76.364141630,0,1
76.364148660,1,1
76.364198960,0,1
76.464140560,0,0
77.364130830,0,1
77.364136290,1,1
77.364186530,0,1
77.464129760,0,0
78.364120030,0,1
78.364125130,1,1
78.364175340,0,1
78.464118950,0,0
79.364109220,0,1
79.364114440,1,1
79.364165070,0,1
79.464108150,0,0
80.364098430,0,1
80.364103490,1,1
80.364154220,0,1
80.464097350,0,0
81.364087620,0,1
81.364100350,1,1
81.364150220,0,1
81.464086560,0,0
82.364076840,0,1
82.364086320,1,1
82.364190180,0,1
82.464075750,0,0
83.364066030,0,1
83.364071700,1,1
83.364122070,0,1
83.464064970,0,0
84.364055250,0,1
84.364060220,1,1
84.364205880,0,1
84.464054160,0,0
85.364044450,0,1
85.364049830,1,1
85.364100180,0,1
85.464043380,0,0
86.364033650,0,1
86.364039240,1,1
86.364089650,0,1
86.464032580,0,0
87.364022860,0,1
87.364028550,1,1
87.364161730,0,1
87.464021780,0,0
88.364012060,0,1
88.364017470,1,1
88.364067850,0,1
88.464011000,0,0
89.364001280,0,1
89.364098560,1,1
89.364149400,0,1
89.464000200,0,0
90.363990490,0,1
90.363995760,1,1
90.364046410,0,1
90.463989430,0,0
91.363979720,0,1
91.363987510,1,1
91.364037790,0,1
91.463978640,0,0
92.363968930,0,1
92.363979410,1,1
92.364115500,0,1
92.463967870,0,0
93.363958150,0,1
93.363963830,1,1
93.364014720,0,1
93.463957080,0,0
94.363947390,0,1
94.363952470,1,1
94.364002830,0,1
94.463946310,0,0
95.363936610,0,1
95.364055570,1,1
95.364105890,0,1
95.463935550,0,0
96.363925840,0,1
96.363931590,1,1
96.364086820,0,1
96.463924770,0,0
97.363915080,0,1
97.364026770,1,1
97.364077220,0,1
97.463914000,0,0
98.363904310,0,1
98.364030160,1,1
98.364080730,0,1
98.463903240,0,0
99.363893540,0,1
99.363974800,1,1
99.364025050,0,1
99.463892480,0,0
100.363882790,0,1
100.363901110,1,1
100.363951390,0,1
100.463881710,0,0
101.363872020,0,1
101.363877200,1,1
101.363927700,0,1
101.463870960,0,0
102.363861260,0,1
102.363866770,1,1
102.364018310,0,1
102.463860200,0,0
103.363850510,0,1
103.363927440,1,1
103.363977990,0,1
103.463849430,0,0
104.363839750,0,1
104.363943600,1,1
104.363994450,0,1
104.463838690,0,0
105.363829010,0,1
105.363910120,1,1
105.363960440,0,1
105.463827930,0,0
106.363818250,0,1
106.363823500,1,1
106.363873820,0,1
106.463817190,0,0
107.363807520,0,1
107.363812850,1,1
107.363863080,0,1
107.463806440,0,0
108.363796770,0,1
108.363802470,1,1
108.363852630,0,1
108.463795710,0,0
109.363786020,0,1
109.363791140,1,1
109.363940160,0,1
109.463784960,0,0
110.363775290,0,1
110.363895920,1,1
110.363946160,0,1
110.463774220,0,0
111.363764550,0,1
111.363770310,1,1
111.363888100,0,1
111.463763490,0,0
112.363753830,0,1
112.363758940,1,1
112.363809870,0,1
112.463752760,0,0
113.363743090,0,1
113.363865270,1,1
113.363916390,0,1
113.463742030,0,0
114.363732360,0,1
114.363738330,1,1
114.363853230,0,1
114.463731300,0,0
115.363721640,0,1
115.363793580,1,1
115.363843460,0,1
115.463720560,0,0
116.363710910,0,1
116.363716190,1,1
116.363766980,0,1
116.463709850,0,0
117.363700190,0,1
117.363763080,1,1
117.363813290,0,1
117.463699120,0,0
118.363689460,0,1
118.363695490,1,1
118.363745430,0,1
118.463688400,0,0
119.363678750,0,1
119.363684020,1,1
119.363734040,0,1
119.463677680,0,0
120.363668030,0,1
120.363673440,1,1
120.363723560,0,1
120.463666950,0,0
121.363657310,0,1
121.363662290,1,1
121.363712670,0,1
121.463656250,0,0
122.363646600,0,1
122.363653520,1,1
122.363703800,0,1
122.463645530,0,0
123.363635890,0,1
123.363649590,1,1
123.363700380,0,1
123.463634830,0,0
124.363625170,0,1
124.363739460,1,1
124.363789560,0,1
124.463624110,0,0
125.363614470,0,1
125.363717140,1,1
125.363768070,0,1
125.463613400,0,0
126.363603760,0,1
126.363609320,1,1
126.363776170,0,1
126.463602700,0,0
127.363593050,0,1
127.363598720,1,1
127.363649630,0,1
127.463591990,0,0
128.363582350,0,1
128.363617510,1,1
128.363667740,0,1
128.463581280,0,0
129.363571650,0,1
129.363580470,1,1
129.363631390,0,1
129.463570590,0,0
130.363560940,0,1
130.363566650,1,1
130.363616870,0,1
130.463559880,0,0
131.363550250,0,1
131.363648550,1,1
131.363698670,0,1
131.463549180,0,0
132.363539550,0,1
132.363545050,1,1
132.363595150,0,1
132.463538490,0,0
133.363528840,0,1
133.363575860,1,1
133.363626480,0,1
133.463527790,0,0
134.363518160,0,1
134.363552660,1,1
134.363602960,0,1
134.463517080,0,0
135.363507460,0,1
135.363513400,1,1
135.363651770,0,1
135.463506400,0,0
136.363496760,0,1
136.363501970,1,1
136.363634030,0,1
136.463495700,0,0
137.363486080,0,1
137.363593480,1,1
137.363644060,0,1
137.463485000,0,0
138.363475380,0,1
138.363501620,1,1
138.363552570,0,1
138.463474310,0,0
139.363464680,0,1
139.363469760,1,1
139.363519470,0,1
139.463463620,0,0
140.363453980,0,1
140.363492590,1,1
140.363542870,0,1
140.463452930,0,0
141.363443300,0,1
141.363449290,1,1
141.363499220,0,1
141.463442230,0,0
142.363432610,0,1
142.363437990,1,1
142.363605420,0,1
142.463431550,0,0
143.363421910,0,1
143.363426980,1,1
143.363550280,0,1
143.463420860,0,0
144.363411240,0,1
144.363416370,1,1
144.363466150,0,1
144.463410160,0,0
145.363400540,0,1
145.363405750,1,1
145.363455590,0,1
145.463399470,0,0
146.363389850,0,1
146.363394910,1,1
146.363555820,0,1
146.463388790,0,0
147.363379150,0,1
147.363384280,1,1
147.363434530,0,1
147.463378100,0,0
148.363368470,0,1
148.363373560,1,1
148.363523070,0,1
148.463367400,0,0
149.363357780,0,1
149.363477450,1,1
149.363528070,0,1
149.463356710,0,0
150.363347080,0,1
150.363352200,1,1
150.363402240,0,1
150.463346030,0,0
151.363336390,0,1
151.363386010,1,1
151.363436980,0,1
151.463335330,0,0
152.363325710,0,1
152.363435280,1,1
152.363486330,0,1
152.463324640,0,0
153.363315010,0,1
153.363320620,1,1
153.363371390,0,1
153.463313940,0,0
154.363304320,0,1
154.363310180,1,1
154.363360570,0,1
154.463303260,0,0
155.363293620,0,1
155.363298690,1,1
155.363349230,0,1
155.463292560,0,0
156.363282930,0,1
156.363324510,1,1
156.363374330,0,1
156.463281860,0,0
157.363272240,0,1
157.363299180,1,1
157.363349860,0,1
157.463271160,0,0
158.363261540,0,1
158.363366340,1,1
158.363415980,0,1
158.463260480,0,0
159.363250840,0,1
159.363308410,1,1
159.363358480,0,1
159.463249780,0,0
160.363240150,0,1
160.363245390,1,1
160.363296020,0,1
160.463239080,0,0
161.363229450,0,1
161.363234920,1,1
161.363351840,0,1
161.463228390,0,0
162.363218740,0,1
162.363228610,1,1
162.363374160,0,1
162.463217690,0,0
163.363208050,0,1
163.363267300,1,1
163.363317980,0,1
163.463206980,0,0
164.363197350,0,1
164.363253710,1,1
164.363304490,0,1
164.463196280,0,0
165.363186640,0,1
165.363207020,1,1
165.363257570,0,1
165.463185580,0,0
166.363175930,0,1
166.363298060,1,1
166.363347950,0,1
166.463174880,0,0
167.363165240,0,1
167.363170320,1,1
167.363220460,0,1
167.463164170,0,0
168.363154530,0,1
168.363208460,1,1
168.363258780,0,1
168.463153460,0,0
169.363143820,0,1
169.363197400,1,1
169.363248020,0,1
169.463142760,0,0
170.363133100,0,1
170.363138130,1,1
170.363188290,0,1
170.463132050,0,0
171.363122410,0,1
171.363206310,1,1
171.363256500,0,1
171.463121330,0,0
172.363111690,0,1
172.363126500,1,1
172.363176900,0,1
172.463110630,0,0
173.363100980,0,1
173.363138420,1,1
173.363189100,0,1
173.463099920,0,0
174.363090280,0,1
174.363095500,1,1
174.363145730,0,1
174.463089200,0,0
175.363079560,0,1
175.363085000,1,1
175.363135280,0,1
175.463078480,0,0
176.363068840,0,1
176.363093910,1,1
176.363144260,0,1
176.463067780,0,0
177.363058120,0,1
177.363064190,1,1
177.363114530,0,1
177.463057060,0,0
178.363047410,0,1
178.363052480,1,1
178.363103080,0,1
178.463046340,0,0
179.363036690,0,1
179.363042140,1,1
179.363092320,0,1
179.463035630,0,0
180.051640320,0,0
